Mason,Nicole,"Buyer, retail",nicol.mason@gibson.com,(871)967-6024x82190
Walker,Steve,Accommodation manager,steve.walke@hicks.info,(876)953-8282x713
Clark,Bruce,Industrial/product designer,bruce.clark@jenkins-gregory.com,903-787-4673x04548
Nash,Steven,"Presenter, broadcasting",steve.nash@hale.info,4095981999
Jenkins,Gabriella,"Sales professional, IT",gabri.jenki@sanchez.com,284.434.9890x9110
Rodriguez,Cheryl,Claims inspector/assessor,chery.rodri@jackson.net,225-919-9855x89666
Scott,Jennifer,Textile designer,jenni.scott@meyers-davis.com,+1-960-405-4521x9829
Anderson,Patrick,Public librarian,patri.ander@edwards-hughes.com,995.613.8482x519
Garza,Justin,Chiropractor,justi.garza@miller.com,+1-286-581-3552x63340
Thomas,Sandra,Consulting civil engineer,sandr.thoma@jimenez.com,+1-637-811-0219x958
Calderon,Thomas,Aeronautical engineer,thoma.calde@clark-roberts.org,+1-301-443-8255
Kelly,Shannon,Freight forwarder,shann.kelly@miranda-sanford.com,793.266.6290x4081
Hall,Susan,Clinical cytogeneticist,susan.hall@spears.com,(591)723-4728
Clark,Robert,Careers information officer,rober.clark@williams-young.com,5573816755
Yu,Nancy,Optometrist,nancy.yu@espinoza.com,+1-541-594-1358x21898
Johnson,Tammy,"Geologist, wellsite",tammy.johns@lawson-trujillo.com,(649)673-5911x03030
Edwards,Donald,Magazine journalist,donal.edwar@young.com,+1-214-366-1437x467
Hines,Debra,Trade mark attorney,debra.hines@white-smith.com,(508)649-0347x4473
Jennings,Jason,Economist,jason.jenni@dixon.com,(969)224-8708
Weiss,Penny,"Production designer, theatre/television/film",penny.weiss@holt.net,816.432.0908x8616
Kerr,Zoe,Financial risk analyst,zoe.kerr@burton.biz,(835)324-4439
Fowler,Donna,Mining engineer,donna.fowle@thomas.com,312.674.9372x21438
Bruce,Stacey,Marine scientist,stace.bruce@pitts.biz,994.753.3007x55641
Stewart,Samantha,"Accountant, chartered public finance",saman.stewa@gonzalez.com,+1-806-507-7773x823
Myers,Ryan,Television camera operator,ryan.myers@lawson.com,579-223-8293
Walsh,Charles,Mining engineer,charl.walsh@park.com,001-796-925-2559x69672
Newton,Brenda,Retail manager,brend.newto@ortega-lopez.com,472.556.2282x33034
Holmes,Cody,Financial planner,cody.holme@warren.info,+1-368-496-3017x9876
Baldwin,Peter,Meteorologist,peter.baldw@montoya-harris.com,590.661.6755
Taylor,Dawn,Oncologist,dawn.taylo@myers.com,286.766.2193
Holmes,Holly,"Accountant, chartered certified",holly.holme@hill-kidd.com,938.392.9505x2380
Wilkinson,Rodney,"Engineer, electronics",rodne.wilki@hernandez.com,(319)575-4684
Greer,Yvonne,Clothing/textile technologist,yvonn.greer@gutierrez.org,471-813-0289x759
Flores,Wendy,Musician,wendy.flore@nelson.biz,(789)224-1876
Hernandez,Shirley,Equities trader,shirl.herna@hudson-villa.net,6407236505
Brock,Heather,"Programmer, multimedia",heath.brock@evans.info,+1-845-227-3288
Perez,Dawn,Best boy,dawn.perez@nash-small.biz,476.602.8056x8644
Shaffer,Erin,IT consultant,erin.shaff@edwards-smith.info,(620)970-8274x78036
Flores,Matthew,"Editor, commissioning",matth.flore@davidson.com,803.617.8755x59317
Smith,Matthew,Chief Marketing Officer,matth.smith@bradley.net,001-938-283-0251x31639
Graves,Travis,"Nurse, learning disability",travi.grave@schroeder.com,(854)659-9105x13807
Brown,Caroline,"Research officer, political party",carol.brown@weaver.com,365.362.3036
Rodriguez,Judith,"Doctor, hospital",judit.rodri@riley.com,(592)613-0708x5003
Robinson,Willie,Financial manager,willi.robin@gilbert.com,896-326-4579x32728
Harrell,Timothy,Press photographer,timot.harre@montgomery-castillo.net,858-593-6772x331
Rose,Nicole,Agricultural consultant,nicol.rose@arnold.com,+1-444-973-5990x187
Ward,Mark,Television floor manager,mark.ward@anderson.com,+1-582-976-8035
Rogers,Barbara,Financial risk analyst,barba.roger@stone.com,5739535990
Carroll,Jeffrey,"Designer, textile",jeffr.carro@gamble.com,679-355-4609x7394
Sanders,James,"Biochemist, clinical",james.sande@lee.org,5253901179
Myers,Donna,Health and safety adviser,donna.myers@baker-mack.com,4849158540
Smith,Barbara,Chartered public finance accountant,barba.smith@pierce.com,361.720.8782
Hall,Maureen,Herpetologist,maure.hall@meza.info,2484209761
Key,Jason,"Pharmacist, hospital",jason.key@bradshaw.com,213.683.4005x56092
Villa,Joshua,Geochemist,joshu.villa@fletcher.com,975-565-6508x542
Shah,Ashley,"Producer, television/film/video",ashle.shah@parker.com,661.490.7023x7542
Le,Courtney,Gaffer,court.le@bennett.net,001-887-609-8887
Owen,Dawn,Camera operator,dawn.owen@kim.org,587-598-0552x611
Rhodes,Tyler,"Scientist, research (maths)",tyler.rhode@sullivan-garrett.com,+1-405-652-4599x15273
Miles,Lindsey,Mudlogger,linds.miles@bishop.com,001-399-468-2536
Vincent,Walter,Trade union research officer,walte.vince@johnson-bowman.com,(409)877-5962x2843
Francis,Jason,Community arts worker,jason.franc@bauer-bryant.com,+1-857-837-1251x504
Robinson,Michelle,Trade union research officer,miche.robin@rhodes.net,001-407-610-3700x743
Benitez,Larry,Tourist information centre manager,larry.benit@gonzalez.com,(562)724-0386x266
Richardson,Jon,Civil Service administrator,jon.richa@willis.org,496.761.5903x0497
Bennett,Amber,Bonds trader,amber.benne@bailey.biz,911.815.0504
Edwards,Steven,Architectural technologist,steve.edwar@johnson.com,618.443.1807
James,Christopher,Herpetologist,chris.james@harrison-ramos.com,317-629-6450
Harris,Joshua,English as a second language teacher,joshu.harri@tucker.org,(451)885-8107
Thompson,Mitchell,International aid/development worker,mitch.thomp@stephens-hernandez.com,377.370.1101x1940
Williams,Morgan,"Psychologist, forensic",morga.willi@black.biz,702-963-3981x7279
Gates,Sarah,Minerals surveyor,sarah.gates@schmidt.com,779-260-6832x4289
Henry,Victor,Print production planner,victo.henry@graham-alvarez.com,4343986534
Jones,Emily,Public affairs consultant,emily.jones@rhodes.com,001-267-878-2509x88976
Castro,Nicholas,Editorial assistant,nicho.castr@armstrong-pineda.com,+1-440-509-2960x274
Garrett,Deborah,"Producer, television/film/video",debor.garre@ballard-flores.net,572.538.7647
Lyons,Michael,Tourism officer,micha.lyons@simpson.biz,001-976-357-2720x374
Key,Lindsay,"Pharmacist, community",linds.key@jackson-jackson.biz,(783)745-7305
Jones,Caitlin,Sports therapist,caitl.jones@riley.org,+1-758-340-1750
Herring,Christine,Energy manager,chris.herri@bruce.com,+1-418-314-2492x797
Montgomery,Mikayla,"Nurse, children's",mikay.montg@frazier-jones.com,(513)243-5718
Green,Robert,Ergonomist,rober.green@miller.com,(655)325-5185x2975
Wood,Natalie,Ship broker,natal.wood@carter.com,977-745-4703x964
Thomas,Karl,Operations geologist,karl.thoma@wright.org,+1-257-837-1594x30648
Powers,Amy,"Research officer, trade union",amy.power@farmer-ramsey.org,+1-285-293-8173x87592
Edwards,Trevor,Investment analyst,trevo.edwar@castillo.com,(932)742-8522x4675
Weber,Mallory,Multimedia programmer,mallo.weber@henson.com,898.997.5016
Archer,Megan,Meteorologist,megan.arche@salas.biz,(518)344-5152x8857
Russell,Lauren,"Geologist, wellsite",laure.russe@jackson.biz,396.858.3666x5187
Tyler,Tiffany,"Psychotherapist, dance movement",tiffa.tyler@marshall.net,001-478-671-4443x60776
Smith,Wesley,Event organiser,wesle.smith@clarke.com,(204)325-9951x963
Patterson,Melissa,Clinical biochemist,melis.patte@mills.com,001-792-813-8030x38240
Anderson,Susan,Occupational hygienist,susan.ander@miranda.org,(391)261-9305x29357
Brown,Stephen,Tax inspector,steph.brown@gonzalez.info,269.810.3851x10244
Phillips,Steven,"Teacher, English as a foreign language",steve.phill@steele-sellers.com,(927)224-9299x28982
Rhodes,Wanda,Make,wanda.rhode@kelly-thomas.com,618.402.3908
Vargas,Maria,"Production assistant, television",maria.varga@ramirez.biz,543.472.8784x9073
Roth,Stephanie,"Exhibitions officer, museum/gallery",steph.roth@castaneda.com,731-886-2568
Hogan,Brian,Control and instrumentation engineer,brian.hogan@jenkins.com,(321)917-3046x56767
Morris,Dawn,Medical secretary,dawn.morri@kennedy.org,558-665-0227x91568
